rank,latitude,longitude,new_bare_ground_ha,zone
1,6.20591,-1.72019,103.5,forest / stream zone
2,6.17584,-1.80494,31.2,forest / stream zone
3,6.20278,-1.76786,26.8,forest / stream zone
4,6.16194,-1.77059,20.2,forest / stream zone
5,6.16982,-1.71033,16.4,forest / stream zone
6,6.19082,-1.79254,15.5,forest / stream zone
7,6.18788,-1.6319,15.4,forest / stream zone
8,6.17605,-1.63106,11.8,forest / stream zone
9,6.13948,-1.77611,9.8,forest / stream zone
10,6.13953,-1.65275,9.5,forest / stream zone
11,6.1907,-1.75988,9.3,forest / stream zone
12,6.14426,-1.76366,9.3,forest / stream zone
13,6.14681,-1.72658,8.6,town / open land
14,6.22437,-1.76118,8.0,town / open land
15,6.19346,-1.61817,7.9,forest / stream zone
16,6.21338,-1.81414,7.8,forest / stream zone
17,6.14319,-1.6595,7.7,forest / stream zone
18,6.16657,-1.63714,7.6,town / open land
19,6.16514,-1.81462,7.3,forest / stream zone
20,6.16907,-1.65044,7.1,forest / stream zone
21,6.1379,-1.80774,7.0,town / open land
22,6.19456,-1.82691,6.9,forest / stream zone
23,6.14846,-1.78062,6.6,forest / stream zone
24,6.15419,-1.81004,6.3,forest / stream zone
25,6.16858,-1.60292,6.0,town / open land
26,6.19974,-1.81655,5.6,forest / stream zone
27,6.15669,-1.82123,5.2,forest / stream zone
28,6.14075,-1.74621,5.2,forest / stream zone
29,6.18066,-1.69987,5.2,forest / stream zone
30,6.21753,-1.78683,5.0,forest / stream zone
31,6.1407,-1.61042,4.7,forest / stream zone
32,6.16833,-1.80795,4.7,forest / stream zone
33,6.21736,-1.74248,4.6,town / open land
34,6.20595,-1.77883,4.5,forest / stream zone
35,6.13712,-1.71228,4.4,forest / stream zone
36,6.22314,-1.72833,4.3,forest / stream zone
37,6.15156,-1.71621,4.3,forest / stream zone
38,6.21596,-1.72979,4.2,forest / stream zone
39,6.17521,-1.7846,4.2,forest / stream zone
40,6.21641,-1.59533,4.0,forest / stream zone
41,6.19881,-1.70318,3.9,forest / stream zone
42,6.18844,-1.76885,3.8,forest / stream zone
43,6.13698,-1.62639,3.7,forest / stream zone
44,6.1508,-1.6448,3.6,forest / stream zone
45,6.19209,-1.71427,3.5,town / open land
46,6.20019,-1.73911,3.5,forest / stream zone
47,6.14918,-1.77201,3.4,forest / stream zone
48,6.21271,-1.6176,3.3,forest / stream zone
49,6.15983,-1.62153,3.2,forest / stream zone
50,6.14812,-1.79448,3.2,forest / stream zone
51,6.22599,-1.7798,3.1,forest / stream zone
52,6.18872,-1.6578,3.1,forest / stream zone
53,6.20199,-1.83198,3.0,forest / stream zone
54,6.22704,-1.71027,3.0,town / open land
55,6.17894,-1.83559,3.0,forest / stream zone
56,6.2075,-1.65664,2.9,forest / stream zone
57,6.2028,-1.59315,2.8,forest / stream zone
58,6.19012,-1.7526,2.8,forest / stream zone
59,6.16752,-1.73264,2.7,forest / stream zone
60,6.17289,-1.76147,2.6,forest / stream zone
61,6.20327,-1.80021,2.6,forest / stream zone
62,6.14849,-1.71194,2.5,forest / stream zone
63,6.16269,-1.6132,2.3,forest / stream zone
64,6.19965,-1.82574,2.3,forest / stream zone
65,6.22679,-1.74179,2.3,forest / stream zone
66,6.21463,-1.82863,2.1,town / open land
67,6.2047,-1.65093,2.0,forest / stream zone
68,6.18748,-1.70682,2.0,forest / stream zone
69,6.14589,-1.83146,2.0,forest / stream zone
70,6.22835,-1.59639,1.9,forest / stream zone
71,6.2176,-1.81078,1.9,forest / stream zone
72,6.22273,-1.79367,1.8,forest / stream zone
73,6.16265,-1.80671,1.8,forest / stream zone
74,6.14174,-1.75424,1.8,forest / stream zone
75,6.20172,-1.74609,1.8,forest / stream zone
76,6.18917,-1.70124,1.8,town / open land
77,6.22697,-1.69268,1.8,forest / stream zone
78,6.18887,-1.78446,1.8,town / open land
79,6.18082,-1.7434,1.7,forest / stream zone
80,6.22079,-1.59945,1.7,forest / stream zone
81,6.15847,-1.78555,1.7,forest / stream zone
82,6.1541,-1.65816,1.6,forest / stream zone
83,6.21799,-1.70279,1.6,forest / stream zone
84,6.22475,-1.74882,1.6,forest / stream zone
85,6.16912,-1.7653,1.5,forest / stream zone
86,6.14327,-1.81277,1.5,forest / stream zone
87,6.17187,-1.71687,1.5,forest / stream zone
88,6.18598,-1.80948,1.4,forest / stream zone
89,6.20386,-1.61995,1.4,town / open land
90,6.18058,-1.8297,1.4,forest / stream zone
91,6.19438,-1.65514,1.3,forest / stream zone
92,6.1821,-1.76887,1.3,forest / stream zone
93,6.21241,-1.70479,1.3,town / open land
94,6.15588,-1.82911,1.3,forest / stream zone
95,6.21793,-1.61161,1.2,forest / stream zone
96,6.18721,-1.64254,1.2,town / open land
97,6.17271,-1.77486,1.1,forest / stream zone
98,6.16127,-1.74778,1.1,forest / stream zone
99,6.1693,-1.77945,1.1,forest / stream zone
100,6.16991,-1.77098,1.1,forest / stream zone
101,6.16528,-1.7963,1.1,forest / stream zone
102,6.15526,-1.62683,1.1,forest / stream zone
103,6.22838,-1.68332,1.1,forest / stream zone
104,6.2062,-1.79304,1.0,forest / stream zone
105,6.19129,-1.81201,1.0,forest / stream zone
106,6.2268,-1.60425,1.0,forest / stream zone
107,6.1671,-1.83611,1.0,forest / stream zone
108,6.16307,-1.68299,1.0,forest / stream zone
109,6.16205,-1.79222,1.0,forest / stream zone
110,6.15618,-1.70979,1.0,forest / stream zone
111,6.1984,-1.78151,1.0,town / open land
112,6.14972,-1.63445,1.0,forest / stream zone
113,6.1439,-1.64976,1.0,forest / stream zone
114,6.22061,-1.70859,0.9,forest / stream zone
115,6.16769,-1.83223,0.9,forest / stream zone
116,6.20729,-1.78869,0.9,forest / stream zone
117,6.2042,-1.69848,0.9,forest / stream zone
118,6.17155,-1.78358,0.9,forest / stream zone
119,6.13679,-1.63714,0.9,forest / stream zone
120,6.21247,-1.79115,0.8,forest / stream zone
121,6.19509,-1.59366,0.8,forest / stream zone
122,6.22294,-1.59199,0.8,forest / stream zone
123,6.16417,-1.82739,0.8,forest / stream zone
124,6.19259,-1.78002,0.8,town / open land
125,6.20874,-1.82349,0.7,forest / stream zone
126,6.22873,-1.79962,0.7,forest / stream zone
127,6.20452,-1.66612,0.7,town / open land
128,6.17547,-1.71508,0.7,forest / stream zone
129,6.13948,-1.83575,0.7,forest / stream zone
130,6.20814,-1.74622,0.7,forest / stream zone
131,6.18076,-1.79244,0.7,forest / stream zone
132,6.22263,-1.7688,0.6,town / open land
133,6.17962,-1.62654,0.6,town / open land
134,6.1476,-1.81862,0.6,forest / stream zone
135,6.13651,-1.72829,0.6,forest / stream zone
136,6.16042,-1.82591,0.6,forest / stream zone
137,6.1437,-1.77685,0.6,forest / stream zone
138,6.15194,-1.70621,0.5,town / open land
139,6.20731,-1.7502,0.5,forest / stream zone
140,6.21831,-1.74964,0.5,town / open land
141,6.22353,-1.61174,0.4,town / open land
142,6.20847,-1.68051,0.4,town / open land
143,6.18283,-1.69459,0.4,forest / stream zone
144,6.17797,-1.76734,0.4,forest / stream zone
145,6.18399,-1.75523,0.4,town / open land
146,6.16225,-1.76012,0.4,forest / stream zone
147,6.15619,-1.76501,0.4,town / open land
148,6.18471,-1.64651,0.4,town / open land
149,6.18187,-1.6714,0.4,town / open land
150,6.1764,-1.83093,0.4,forest / stream zone
151,6.15652,-1.65268,0.4,forest / stream zone
152,6.15362,-1.72362,0.4,town / open land
153,6.14195,-1.72147,0.4,forest / stream zone
154,6.22054,-1.67543,0.4,town / open land
155,6.18599,-1.77748,0.4,forest / stream zone
156,6.16111,-1.63124,0.4,forest / stream zone
157,6.19215,-1.70419,0.3,forest / stream zone
158,6.16786,-1.615,0.3,forest / stream zone
159,6.19252,-1.68962,0.3,town / open land
160,6.15781,-1.79567,0.3,town / open land
161,6.1363,-1.82844,0.3,forest / stream zone
162,6.22567,-1.79607,0.3,forest / stream zone
163,6.17448,-1.77059,0.3,forest / stream zone
164,6.1463,-1.65366,0.3,forest / stream zone
165,6.20675,-1.66938,0.3,town / open land
166,6.15194,-1.8053,0.3,forest / stream zone
167,6.14847,-1.80328,0.3,forest / stream zone
168,6.18412,-1.83664,0.3,forest / stream zone
169,6.18007,-1.78208,0.3,forest / stream zone
170,6.14968,-1.65318,0.3,forest / stream zone
171,6.14294,-1.71615,0.3,town / open land
172,6.13726,-1.82288,0.3,forest / stream zone
173,6.13703,-1.832,0.3,forest / stream zone
174,6.21379,-1.80914,0.3,forest / stream zone
175,6.17433,-1.6921,0.3,forest / stream zone
176,6.15029,-1.69812,0.3,forest / stream zone
177,6.21248,-1.74837,0.3,forest / stream zone
178,6.16101,-1.73843,0.3,forest / stream zone
179,6.15713,-1.70213,0.3,forest / stream zone
180,6.13703,-1.64693,0.3,forest / stream zone
181,6.22438,-1.73637,0.3,forest / stream zone
182,6.21116,-1.75112,0.3,forest / stream zone
183,6.13625,-1.7932,0.3,forest / stream zone
184,6.22559,-1.66787,0.2,town / open land
185,6.21889,-1.61582,0.2,forest / stream zone
186,6.21357,-1.79566,0.2,forest / stream zone
187,6.20514,-1.63573,0.2,town / open land
188,6.21993,-1.83304,0.2,forest / stream zone
189,6.21189,-1.65413,0.2,forest / stream zone
190,6.18078,-1.65046,0.2,town / open land
191,6.17588,-1.65574,0.2,forest / stream zone
192,6.14141,-1.79073,0.2,forest / stream zone
